others_email_list,=,"Jain,,Aagam,aagam.jain@accenture.com,,Maharana,,Aakanksha,aakanksha.maharana@accenture.com,,Baweja,,Abhinav,abhinav.baweja@accenture.com,,Kuchhal,,Abhinav,abhinav.kuchhal@accenture.com,,Gupta,,Akriti,akriti.i.gupta@accenture.com,,Pookayil,,Ambili,ambili.pookayil@accenture.com,,Datta,,Anirban,B.,anirban.b.datta@accenture.com,,Saha,,Anirban,anirban.saha@accenture.com,,Ahmed,,Ansar,ansar.ahmed@accenture.com,,Biswas,,Anup,anup.biswas@accenture.com,,Biswas,,Anupam,B.,anupam.b.biswas@accenture.com,,Deshpande,,Anupama,anupama.deshpande@accenture.com,,Srivastava,,Anushk,anushk.srivastava@accenture.com,,Jayakumar,,Arambakam,arambakam.jayakumar@accenture.com,,NARAYANA,,ARAVIND,aravind.narayana@accenture.com,,Khan,,Arfaaz,arfaaz.khan@accenture.com,,Singh,K,,Arun,arun.singh.k@accenture.com,,Venmalassery,,Arun,arun.venmalassery@accenture.com,,Kulkarni,,Arvind,V.,arvind.v.kulkarni@accenture.com,,Rooprao,,Arvinder,S.,arvinder.s.rooprao@accenture.com,,Solanki,,Ashish,ashish.solanki@accenture.com,,PAI,,BABU,babu.pai@accenture.com,,Gupta,,Bhavin,bhavin.gupta@accenture.com,,Rawat,,Bhawna,bhawna.rawat@accenture.com,,Chandle,,Bhushan,bhushan.chandle@accenture.com,,chandhni.v.menon@accenture.com,chandhni.v.menon@accenture.com,,C,A,,Chandra,Kanth,chandra.kanth.c.a@accenture.com,,Amarnath,,Chandra,S.,chandra.s.amarnath@accenture.com,,Devaraj,,Deepak,deepak.devaraj@accenture.com,,deepak.shenoy@accenture.com,deepak.shenoy@accenture.com,,Shrivastava,,Deepali,deepali.shrivastava@accenture.com,,Bejjanki,,Deepika,deepika.bejjanki@accenture.com,,Anand,,Manish,manish.anand@accenture.com,,Hooghuis,,Marco,marco.hooghuis@accenture.com,,Kumar,Mittal,,Mohit,mohit.kumar.mittal@accenture.com,,Kumar,,Nishant,nishant.bi.kumar@accenture.com,,paul.cockayne@mdlz.com,paul.cockayne@mdlz.com,,Latawa,,Pragya,pragya.latawa@accenture.com,,Kannappan,,Ramya,A.,ramya.a.kannappan@accenture.com,,Kodandachari,,Ramya,ramya.kodandachari@accenture.com,,Deval,,Ribhu,ribhu.deval@accenture.com,,Verma,,Priya,K.,priya.k.verma@accenture.com,,Gv,,Ravimohan,ravimohan.gv@accenture.com,,Aggarwal,,Sachita,sachita.aggarwal@accenture.com,,Tripathi,,Saras,saras.tripathi@accenture.com,,Myneni,,Sarin,sarin.myneni@accenture.com,,Aravindakshan,,Sowmya,sowmya.aravindakshan@accenture.com,,Sj,,Sreeja,sreeja.sj@accenture.com,,stan.sharma@mdlz.com,stan.sharma@mdlz.com,,steven.chand@mdlz.com,steven.chand@mdlz.com,,Urwin,,Steve,steven.t.urwin@accenture.com,,dinesh.easwaran@accenture.com,dinesh.easwaran@accenture.com,,Priya,V,,Divya,divya.priya.v@accenture.com,,divya.sanam@accenture.com,divya.sanam@accenture.com,,Mohith,Reddy,,Duvvuru,duvvuru.mohith.reddy@accenture.com,,Santos,,Eboni,eboni.santos@accenture.com,,Nakkiran,,Elakkiyaa,elakkiyaa.nakkiran@accenture.com,,Anantha,Subramanian,,Ganesh,ganesh.devanarayanan@accenture.com,,Sravanthi,,Gavvala,gavvala.sravanthi@accenture.com,,Devi,Ravi,,Gayathri,gayathri.devi.ravi@accenture.com,,Kumar,,Govind,B.,govind.b.kumar@accenture.com,,edward.downer@sap.com,edward.downer@sap.com,,Hakeem,J.,Sadiq,hakeem.j.sadiq@accenture.com,hakeem.j.sadiq@accenture.com,,Neerukonda,,Jahnavi,jahnavi.neerukonda@accenture.com,,Kaur,,Jaspinder,jaspinder.d.kaur@accenture.com,,jyotika.jain@accenture.com,jyotika.jain@accenture.com,,Bura,,Karthik,karthik.bura@accenture.com,,Vesireddy,,Karthik,Reddy,karthik.r.vesireddy@accenture.com,,Kadam,,Ketan,ketan.kadam@accenture.com,,Ansari,,Khurshid,khurshid.ansari@accenture.com,,Nakka,,Kiran,kiran.nakka@accenture.com,,Govindaswamy,,Krishnan,krishnan.govindswamy@accenture.com,,Reddy,,Madhukar,K.,madhukar.k.reddy@accenture.com,,Babu,Vasa,,Mahesh,mahesh.babu.vasa@accenture.com,,Dhyani,,Manvi,manvi.dhyani@accenture.com,,Nair,,Mohanan,mohanan.nair@accenture.com,,Collins,,Nigel,E.,nigel.e.collins@accenture.com,,Banseria,,Nisha,nisha.banseria@accenture.com,,nisha.m.jain@accenture.com,nisha.m.jain@accenture.com,,Rajesh,Shah,,Nishant,nishant.rajesh.shah@accenture.com,,Paul,P,,Oliver,oliver.paul.p@accenture.com,,Sundaresan,,Prasad,prasad.sundaresan@accenture.com,,Sm,,PrasannaKumar,prasannakumar.sm@accenture.com,,Kumar,Vasudevan,,Ramesh,r.kumar.vasudevan@accenture.com,,Ranjan,,Rajeev,R.,rajeev.r.ranjan@accenture.com,,Kumar,Singh,,Rajesh,N.,rajesh.n.kumar.singh@accenture.com,,Waghmare,,Rajesh,rajesh.waghmare@accenture.com,,rakesh.desai@mdlz.com,rakesh.desai@mdlz.com,,rakesh.g.lotankar@accenture.com,rakesh.g.lotankar@accenture.com,,Gharat,,Rakesh,rakesh.gharat@accenture.com,,KD,Singh,,Rakesh,rakesh.kd.singh@accenture.com,,Dhande,,Rushikesh,rushikesh.dhande@accenture.com,,Fazil,,Syed,s.fazil@accenture.com,,Prashanth,Kumar,,Soundarya,s.prashanth.kumar@accenture.com,,Gopalapuram,,Sajith,sajith.gopalapuram@accenture.com,,sambit.kumar.mishra@accenture.com,sambit.kumar.mishra@accenture.com,,Ghildiyal,,Sandeep,A.,sandeep.a.ghildiyal@accenture.com,,Kumar,Chonath,,Sanoop,sanoop.kumar.chonath@accenture.com,,sapan.misra@accenture.com,sapan.misra@accenture.com,,Patil,,Sayali,S.,sayali.s.patil@accenture.com,,Kuttappan,,Shaju,shaju.kuttappan@accenture.com,,Vasant,Gedam,,Sheetal,sheetal.gedam@accenture.com,,Patil,,Shivaprasad,Y.,shivaprasad.y.patil@accenture.com,,Keluskar,,Siddhita,D.,siddhita.d.keluskar@accenture.com,,Santoshkumar,Khadbade,,Sneha,sneha.khadbade@accenture.com,,Chanda,,Soumit,soumit.chanda@accenture.com,,Guha,,Sreeparna,sreeparna.guha@accenture.com,,sri.m.manasa.parimi@accenture.com,sri.m.manasa.parimi@accenture.com,,Nambiar,,Srijit,srijit.nambiar@accenture.com,,Oguboina,,Srinu,srinu.oguboina@accenture.com,,Maggidwar,,Suchitra,suchitra.maggidwar@accenture.com,,sudarshana.hegde2@mdlz.com,sudarshana.hegde2@mdlz.com,,Nayak,,Sudasmita,sudasmita.nayak@accenture.com,,Dasgupta,,Sudip,sudip.b.dasgupta@accenture.com,,Barua,,Sudip,sudip.barua@accenture.com,,Almas,,Sufia,sufia.almas@accenture.com,,Kulkarni,,Suhas,suhas.kulkarni@accenture.com,,Nimishe,,Sujeet,sujeet.nimishe@accenture.com,,Tholuchuru,,Sumalatha,sumalatha.tholuchuru@accenture.com,,Dey,,Sumit,sumit.c.dey@accenture.com,,sumit.patel@mdlz.com,sumit.patel@mdlz.com,,Sharma,,Sunil,F.,sunil.f.sharma@accenture.com,,Mandowra,,Sunil,sunil.kumar.mandowra@accenture.com,,Microsoft,Support,support@mail.support.microsoft.com,,Jayanathan,,Suresh,suresh.jayanathan@accenture.com,,susan.oucharek@mdlz.com,susan.oucharek@mdlz.com,,Krishnan,,Suvarna,suvarna.krishnan@accenture.com,,swapna.s@mdlz.com,swapna.s@mdlz.com,,Bharat,Patil,,Swapnal,swapnal.bharat.patil@accenture.com,,swarup.kumar.nayak@accenture.com,swarup.kumar.nayak@accenture.com,,Pandiyat,,Swathi,P,swathi.p.pandiyat@accenture.com,,Sarker,,Sweta,sweta.sarker@accenture.com,,Ali,Faraz,,Syed,syed.ali.faraz@accenture.com,,syed.shabih.abbas@accenture.com,syed.shabih.abbas@accenture.com,,Gaikwad,,Tushar,t.prakash.gaikwad@accenture.com,,Mohammed,,Talha,Hussain,talha.h.mohammed@accenture.com,,tammy.carpenter@mdlz.com,tammy.carpenter@mdlz.com,,Kaur,,Tanvir,tanvir.x.kaur@accenture.com,,Giri,,Tapas,tapas.giri@accenture.com,,Vyas,,Tapas,tapas.vyas@accenture.com,,Tyagi,,Tarini,tarini.tyagi@accenture.com,,tarun.a.singh@accenture.com,tarun.a.singh@accenture.com,,Verma,,Tarun,tarun.kumar.verma@accenture.com,,Ahmedtarunika.shrivastava@accenture.com,Ahmedtarunika.shrivastava@accenture.com,,Ahmed,Khan,,Tasleem,tasleem.ahmed.khan@accenture.com,,Singh,Negi,,Umesh,umesh.singh.negi@accenture.com,,Patel,,Urvesh,urvesh.patel@accenture.com,,Kanakkanthara,,Vasudevan,v.kanakkanthara@accenture.com,,Suman,,Venkat,venkat.suman@accenture.com,,Darji,,Vipul,vipul.darji@accenture.com,,vipul.f.kumar@accenture.com,vipul.f.kumar@accenture.com,,Sharma,,Sunil,F.,sunil.f.sharma@accenture.com,,Varadhi,,Soujanya,soujanya.varadhi@accenture.com,,Babu,Vasa,,Mahesh,mahesh.babu.vasa@accenture.com,,Pati,,Laltu,laltu.pati@accenture.com,,Kumar,Srivastava,,Prashant,p.p.kumar.srivastava@accenture.com,,Sundaresan,,Prasad,prasad.sundaresan@accenture.com,,Ahmed,Khan,,Tasleem,tasleem.ahmed.khan@accenture.com,,Akhtar,,Jahin,jahin.akhtar@accenture.com,,Ansari,,Khurshid,khurshid.ansari@accenture.com,,ARETI,,SANDHYA,sandhya.areti@accenture.com,,Arvind,,Arvind,a.arvind@accenture.com,,Babu,,Prasad,S.,prasad.s.babu@accenture.com,,Bhattacharjee,,Saptarshi,s.bi.bhattacharjee@accenture.com,,Biswas,,Anupam,B.,anupam.b.biswas@accenture.com,,Channappa,Negalur,,Malleshi,m.channappa.negalur@accenture.com,,Chauhan,,Mayank,mayank.d.chauhan@accenture.com,,Devi,Ravi,,Gayathri,gayathri.devi.ravi@accenture.com,,Dey,,Sumit,sumit.c.dey@accenture.com,,Dharmalingam,,Manjula,manjula.dharmalingam@accenture.com,,Dharmavaram,,Manjunath,m.dharmavaram@accenture.com,,Fazil,,Syed,s.fazil@accenture.com,,Giri,,Tapas,tapas.giri@accenture.com,,Gopalrao,Lamdande,,Kiran,k.gopalrao.lamdande@accenture.com,,Gothalwal,,Anshul,anshul.gothalwal@accenture.com,,gupta,balanagu,,Sainaga,s.gupta.balanagu@accenture.com,,Gupta,,Akriti,akriti.i.gupta@accenture.com,,Gupta,,Anil,C.,anil.c.gupta@accenture.com,,Jadhav,,Annapurna,annapurna.a.jadhav@accenture.com,,Kakra,,Diksha,diksha.kakra@accenture.com,,Karantha,K,S,,Akshatha,a.karantha.k.s@accenture.com,,KD,Singh,,Rakesh,rakesh.kd.singh@accenture.com,,Kesani,,Chandra,Prathap,k.chandraprathap@accenture.com,,Killamsetty,,Vamsi,Krishna,vamsi.k.killamsetty@accenture.com,,Krishnakanth,,Alasyam,alasyam.krishnakanth@accenture.com,,KrishnaMurthy,,ARUNKUMAR,a.t.krishnamurthy@accenture.com,,Kumar,,Chaluva,H.,chaluva.h.kumar@accenture.com,,Kumar,,Hirdesh,hirdesh.y.kumar@accenture.com,,Kumar,,Navin,navin.r.kumar@accenture.com,,Kumar,,Rohini,rohini.kumar@accenture.com,,Kumari,,Anamika,E.,anamika.e.kumari@accenture.com,,Lakshmana,Rao,,Deepak,deepak.lakshmana.rao@accenture.com,,M,K,,Manoj,manoj.m.k@accenture.com,,Madathala,,Nagarjuna,nagarjuna.madathala@accenture.com,,Majumdar,,Abin,abin.majumdar@accenture.com,,Maruti,Kharde,,Kajal,kajal.maruti.kharde@accenture.com,,Mishra,,Pratik,pratik.p.mishra@accenture.com,,Mohan,,Adersh,adersh.mohan@accenture.com,,Mohanty,,Debiprasad,debiprasad.a.mohanty@accenture.com,,Munusamy,,Nanthini,nanthini.munusamy@accenture.com,,Muralidharan,,Greeshma,g.c.muralidharan@accenture.com,,Naik,Shankar,,Lakshmi,lakshmi.naik.shankar@accenture.com,,Nair,,Rajalakshmy,rajalakshmy.nair@accenture.com,,NUWAL,,ROHIT,r.nuwal@accenture.com,,PAI,,BABU,babu.pai@accenture.com,,Palakolanu,,Narendra,Reddy,narendra.palakolanu@accenture.com,,Pandey,,Vivek,vivek.i.pandey@accenture.com,,Pankan,,Jithin,jithin.pankan@accenture.com,,Pant,,Ajay,ajay.a.pant@accenture.com,,Parihar,,Aditya,aditya.parihar@accenture.com,,Parri,,Prabhavathi,prabhavathi.parri@accenture.com,,Periyanan,,Pasathavam,pasathavam.periyanan@accenture.com,,Petla,,Ramesh,ramesh.petla@accenture.com,,Priya,V,,Divya,divya.priya.v@accenture.com,,Rajagopal,,Praveenkumar,p.c.rajagopal@accenture.com,,Rajasekaran,,Nandhini,n.a.rajasekaran@accenture.com,,Rao,,Prathap,S,prathap.srinivasarao@accenture.com,,Ruhela,,Aman,aman.ruhela@accenture.com,,S,Mudalagiri,,Prakash,prakash.s.mudalagiri@accenture.com,,S,Raut,,Siddhesh,siddhesh.s.raut@accenture.com,,Sarbavidya,,Krishanu,krishanu.sarbavidya@accenture.com,,Sarwar,,Javed,javed.sarwar@accenture.com,,Shrivastava,,Shreya,shreya.d.shrivastava@accenture.com,,Shukla,,Himani,A.,himani.a.shukla@accenture.com,,Singh,Sahni,,Damandeep,d.singh.sahni@accenture.com,,Subramani,,Raja,raja.subramani@accenture.com,,Sundarraj,Pancy,,Femy,femy.sundarraj.pancy@accenture.com,,T,C,,Bhargav,bhargav.t.c@accenture.com,,Talanki,Sreekantha,,Sreehari,s.talanki.sreekantha@accenture.com,,Tripathi,,Saras,saras.tripathi@accenture.com,,Upputuri,,Venkata,Rama,Rao,venkata.r.upputuri@accenture.com,,Vijay,Bachhav,,Tejas,tejas.vijay.bachhav@accenture.com,,Vijay,Kirkase,,Chaitanya,c.vijay.kirkase@accenture.com,,VISHAL,KUMAR,,NARRA,narra.vishal.kumar@accenture.com,,Vishwanatha,,Dakshith,dakshith.vishwanatha@accenture.com,,yadav,,Yuvraj,yuvraj.yadav@accenture.com"